#,Corpus,Tipo,Recurso / título,Autor / canal,Enlace o procedencia,Fecha publicación,Duración original (min),Duración usada (min),Clips usados,Licencia / términos,Forma de acceso,Notas
1.0,Pareado,Audio pareado,"Corpus base Shipibo-Konibo (SK001), hablante nativa",Menéndez & Gómez (2025),Entregado directamente por los autores (Anexo I de su tesis),2025,,258.63,3025.0,Uso autorizado por los autores para esta tesis; sin licencia pública declarada (confirmar términos por escrito),Cedida por los autores,Ya venía segmentado y transcrito; se usó tal cual. Duración original = la de sus clips. Es la voz del modelo TTS.
2.0,Pareado,Audio pareado,Grabaciones del workshop / curso NLP (9 grupos),"Elaboración propia (PUCP), hablantes nativos convocados",Grabación propia en sesión del curso,,11.3,6.45,118.0,Material propio del proyecto,Grabación propia,Solo clips con check auditivo = SI; 16 con versión _FIXED editada. 12 excluidos (ver excluidos.csv).
3.0,Pareado,Audio pareado,Relatos en lenguas originarias. Shipibo-konibo 1,Educación Intercultural Perú,https://www.youtube.com/watch?v=jGme8HsF8R4,2024-05-15,3.13,2.21,25.0,Licencia estándar de YouTube (no Creative Commons),Pública (YouTube),Transcripción y corte manual propios.
4.0,Pareado,Audio pareado,Relatos en lenguas originarias. Shipibo-konibo 2,Educación Intercultural Perú,https://www.youtube.com/watch?v=N1dBH5lMlTE,2024-05-15,3.35,2.54,29.0,Licencia estándar de YouTube (no Creative Commons),Pública (YouTube),Transcripción y corte manual propios.
5.0,Pareado,Audio pareado,Popo ainbo - La mujer búho (Cuento shipibo con subtítulos en castellano),JOIAMAZONIA,https://www.youtube.com/watch?v=N7wt4UVQW-Y,2013-04-09,6.73,1.67,26.0,Licencia estándar de YouTube (no Creative Commons),Pública (YouTube),Transcripción y corte manual propios.
6.0,Pareado,Audio pareado,Jenen yoshin kené - La sirena y el kené (Cuento shipibo con subtítulos en castellano),JOIAMAZONIA,https://www.youtube.com/watch?v=_3_H-Dw8MdI,2012-10-15,8.7,1.8,30.0,Licencia estándar de YouTube (no Creative Commons),Pública (YouTube),Transcripción y corte manual propios.
7.0,Pareado,Audio pareado,Wisoino - El wisoino (cuento shipibo con subtitulos en castellano),JOIAMAZONIA,https://www.youtube.com/watch?v=dbz2u3k-Ci4,2012-06-05,6.17,1.11,23.0,Licencia estándar de YouTube (no Creative Commons),Pública (YouTube),Transcripción y corte manual propios.
8.0,Pareado,Audio pareado,Chaxo betan ani ronin - El venado y la anaconda (cuento shipibo con subtitulos en castellano),JOIAMAZONIA,https://www.youtube.com/watch?v=YfjQq03uvMI,2012-04-09,7.35,1.65,25.0,Licencia estándar de YouTube (no Creative Commons),Pública (YouTube),Transcripción y corte manual propios.
9.0,Pareado,Audio pareado,"Cuento corto en Shipibo-Konibo ""IKINYAMAKANA.",Jorge Escobar,https://www.youtube.com/watch?v=lwDQp88r15c,2023-12-07,2.45,1.68,20.0,Licencia estándar de YouTube (no Creative Commons),Pública (YouTube),Transcripción y corte manual propios.
10.0,Pareado,Audio pareado,Funciones del Congreso | Lengua Shipibo Konibo,Congreso de la República del Perú,https://www.youtube.com/watch?v=dnvVEJ35XIk,2023-10-06,0.77,0.34,6.0,Licencia estándar de YouTube (no Creative Commons),Pública (YouTube),Transcripción y corte manual propios.
11.0,No pareado,Audio no pareado,Nuevas medidas COVID-19 nivel alto de contagio - Shipibo konibo,Ministerio de Cultura del Perú,https://soundcloud.com/ministeriodeculturaperu/nuevas-medidas-covid-19-nivel-alto-de-contagio-shipibo-konibo,2021-02-01,1.24,0.97,17.0,Todos los derechos reservados (all-rights-reserved),Pública (SoundCloud),Campaña 'Nuevas medidas COVID-19'. Cortes manuales y/o Silero VAD.
12.0,No pareado,Audio no pareado,Nuevas medidas COVID-19 nivel muy alto de contagio - Shipibo konibo,Ministerio de Cultura del Perú,https://soundcloud.com/ministeriodeculturaperu/nuevas-medidas-covid-19-nivel-muy-alto-de-contagio-shipibo-konibo,2021-02-01,1.07,0.92,10.0,Todos los derechos reservados (all-rights-reserved),Pública (SoundCloud),Campaña 'Nuevas medidas COVID-19'. Cortes manuales y/o Silero VAD.
13.0,No pareado,Audio no pareado,Nuevas medidas COVID-19 nivel extremo de contagio - Shipibo konibo,Ministerio de Cultura del Perú,https://soundcloud.com/ministeriodeculturaperu/nuevas-medidas-covid-19-nivel-extremo-de-contagio-shipibo-konibo,2021-02-01,1.02,0.77,11.0,Todos los derechos reservados (all-rights-reserved),Pública (SoundCloud),Campaña 'Nuevas medidas COVID-19'. Cortes manuales y/o Silero VAD.
14.0,No pareado,Audio no pareado,Nuevas medidas COVID 19 - Nivel Moderado Shipibo - Konibo,Ministerio de Cultura del Perú,https://soundcloud.com/ministeriodeculturaperu/nuevas-medidas-covid-19-nivel-moderado-shipibo-konibo,2021-01-23,0.77,0.6,8.0,Todos los derechos reservados (all-rights-reserved),Pública (SoundCloud),Campaña 'Nuevas medidas COVID-19'. Cortes manuales y/o Silero VAD.
15.0,No pareado,Audio no pareado,Nuevas medidas COVID 19 - Nivel Alto Shipibo - Konibo,Ministerio de Cultura del Perú,https://soundcloud.com/ministeriodeculturaperu/nuevas-medidas-covid-19-nivel-alto-shipibo-konibo,2021-01-23,0.93,0.69,9.0,Todos los derechos reservados (all-rights-reserved),Pública (SoundCloud),Campaña 'Nuevas medidas COVID-19'. Cortes manuales y/o Silero VAD.
16.0,No pareado,Audio no pareado,Nuevas medidas COVID 19 - Nivel Muy Alto  Shipibo - Konibo,Ministerio de Cultura del Perú,https://soundcloud.com/ministeriodeculturaperu/nuevas-medidas-covid-19-nivel-muy-alto-shipibo-konibo,2021-01-23,0.85,0.78,8.0,Todos los derechos reservados (all-rights-reserved),Pública (SoundCloud),Campaña 'Nuevas medidas COVID-19'. Cortes manuales y/o Silero VAD.
17.0,No pareado,Audio no pareado,Spot 01 | Shipibo - Voto escalonado,PNUD Perú,https://soundcloud.com/pnudperu/spot-01-voto-escalonado-1,2021-04-05,0.49,0.21,4.0,Todos los derechos reservados (all-rights-reserved),Pública (SoundCloud),Serie 'Perú Vota Seguro' (ONPE/PNUD). Cortes manuales y/o Silero VAD.
18.0,No pareado,Audio no pareado,Spot 02 | Shipibo - Prevención COVID-19 en locales de votación,PNUD Perú,https://soundcloud.com/pnudperu/onpe-pnud-shipibo-spot-02,2021-04-05,0.48,0.2,4.0,Todos los derechos reservados (all-rights-reserved),Pública (SoundCloud),Serie 'Perú Vota Seguro' (ONPE/PNUD). Cortes manuales y/o Silero VAD.
19.0,No pareado,Audio no pareado,Spot 03 | Shipibo - Prevención COVID-19 en locales de votación,PNUD Perú,https://soundcloud.com/pnudperu/spot-03-prevencion-covid-19-1,2021-04-05,0.5,0.17,2.0,Todos los derechos reservados (all-rights-reserved),Pública (SoundCloud),Serie 'Perú Vota Seguro' (ONPE/PNUD). Cortes manuales y/o Silero VAD.
20.0,No pareado,Audio no pareado,Spot 04 | Shipibo - Recomendaciones para miembros de mesa,PNUD Perú,https://soundcloud.com/pnudperu/spot-04-shipibo,2021-04-05,0.47,0.26,3.0,Todos los derechos reservados (all-rights-reserved),Pública (SoundCloud),Serie 'Perú Vota Seguro' (ONPE/PNUD). Cortes manuales y/o Silero VAD.
21.0,No pareado,Audio no pareado,Spot 05 | Shipibo - Recomendaciones para miembros de mesa,PNUD Perú,https://soundcloud.com/pnudperu/spot-05-shipibo,2021-04-05,0.5,0.17,2.0,Todos los derechos reservados (all-rights-reserved),Pública (SoundCloud),Serie 'Perú Vota Seguro' (ONPE/PNUD). Cortes manuales y/o Silero VAD.
22.0,No pareado,Audio no pareado,1. Uso De Mascarillas - Shipibo Konibo,PNUD Perú,https://soundcloud.com/pnudperu/1-uso-de-mascarillas-shipibo,2020-09-04,1.67,1.45,21.0,Todos los derechos reservados (all-rights-reserved),Pública (SoundCloud),Microprograma 'Respira Amazonía'. Cortes manuales y/o Silero VAD.
23.0,No pareado,Audio no pareado,2. Cuidarnos Al Recibir Apoyo - Shipibo Konibo,PNUD Perú,https://soundcloud.com/pnudperu/2-cuidarnos-al-recibir-apoyo-shipibo,2020-09-04,1.71,1.52,24.0,Todos los derechos reservados (all-rights-reserved),Pública (SoundCloud),Microprograma 'Respira Amazonía'. Cortes manuales y/o Silero VAD.
24.0,No pareado,Audio no pareado,3. Tomar Medicamentos Con Precaución - Shipibo,PNUD Perú,https://soundcloud.com/pnudperu/3-tomar-medicamentos-con-precaucion-shipibo,2020-08-21,2.0,1.76,26.0,Todos los derechos reservados (all-rights-reserved),Pública (SoundCloud),Microprograma 'Respira Amazonía'. Cortes manuales y/o Silero VAD.
25.0,No pareado,Audio no pareado,4. Cuidarnos Ante El Reinicio De Actividades - Shipibo,PNUD Perú,https://soundcloud.com/pnudperu/4-cuidarnos-ante-el-reinicio-de-actividades-shipibo,2020-09-11,1.41,1.11,15.0,Todos los derechos reservados (all-rights-reserved),Pública (SoundCloud),Microprograma 'Respira Amazonía'. Cortes manuales y/o Silero VAD.
26.0,No pareado,Audio no pareado,5. Cuidarnos Ante La Muerte De Un Ser Querido - Shipibo,PNUD Perú,https://soundcloud.com/pnudperu/5-cuidarnos-ante-la-muerte-de-un-ser-querido-shipibo,2020-09-29,1.82,1.51,21.0,Todos los derechos reservados (all-rights-reserved),Pública (SoundCloud),Microprograma 'Respira Amazonía'. Cortes manuales y/o Silero VAD.
27.0,No pareado,Audio no pareado,#CuentosDeCuna ¿Alguna vez viste un monstruo? (shipibo),"MidisCunaMas (Programa Cuna Más, MIDIS)",https://www.youtube.com/watch?v=7ImVF7itYXk,2022-05-12,7.07,4.67,52.0,Licencia estándar de YouTube (no Creative Commons),Pública (YouTube),Cuento infantil narrado. Segmentado con Silero VAD.
28.0,No pareado,Audio no pareado,"#CuentosDeCuna María y Juan dicen ""yo puedo"" (shipibo-konibo)","MidisCunaMas (Programa Cuna Más, MIDIS)",https://www.youtube.com/watch?v=ipMuk4bsOd8,2022-09-16,6.98,4.54,48.0,Licencia estándar de YouTube (no Creative Commons),Pública (YouTube),Cuento infantil narrado. Segmentado con Silero VAD.
29.0,No pareado,Audio no pareado,Palabras de Vida 1 / Words of Life 1 - Shipibo-Conibo (14 pistas),Global Recordings Network,https://globalrecordings.net/es/program/7520,,46.41,34.03,455.0,"Copia libre para uso personal o ministerial, sin modificar ni vender (según GRN; reverificar en el sitio)",Pública (descarga en el sitio de GRN),Registro religioso. Segmentado con Silero VAD.
30.0,Texto,Texto,Corpus monolingüe Shipibo-Konibo (ShaShiYaYi/shp) -> shp_apto_tts.txt,"Bustamante, Oncevay & Zariquiey (2020), LREC",https://github.com/iapucp/multilingual-data-peru,2020,,,,Repositorio público sin archivo LICENSE; uso académico citando el artículo,Pública (GitHub),"Texto de entrada del TTS: 22,240 líneas; 21,176 (95.2%) están en este corpus. Las otras 1,064 no aparecen en él: confirmar su origen."
